heading,rates_in_play,resolution,entries
0202,0.0/5.0,packaged-pair->taxed,10/2025-CT(R) S.No 9 | 9/2025-CT(R) Sch I S.No 2
0203,0.0/5.0,packaged-pair->taxed,10/2025-CT(R) S.No 8 | 10/2025-CT(R) S.No 9 | 9/2025-CT(R) Sch I S.No 2
0204,0.0/5.0,packaged-pair->taxed,10/2025-CT(R) S.No 8 | 10/2025-CT(R) S.No 9 | 9/2025-CT(R) Sch I S.No 2
0205,0.0/5.0,packaged-pair->taxed,10/2025-CT(R) S.No 8 | 10/2025-CT(R) S.No 9 | 9/2025-CT(R) Sch I S.No 2
0206,0.0/5.0,packaged-pair->taxed,10/2025-CT(R) S.No 8 | 10/2025-CT(R) S.No 9 | 9/2025-CT(R) Sch I S.No 2
0207,0.0/5.0,packaged-pair->taxed,10/2025-CT(R) S.No 8 | 10/2025-CT(R) S.No 9 | 9/2025-CT(R) Sch I S.No 2
0208,0.0/5.0,packaged-pair->taxed,10/2025-CT(R) S.No 8 | 10/2025-CT(R) S.No 9 | 9/2025-CT(R) Sch I S.No 2
0209,0.0/5.0,packaged-pair->taxed,10/2025-CT(R) S.No 8 | 10/2025-CT(R) S.No 9 | 9/2025-CT(R) Sch I S.No 2
0210,0.0/5.0,packaged-pair->taxed,10/2025-CT(R) S.No 9 | 9/2025-CT(R) Sch I S.No 2
0303,0.0/5.0,packaged-pair->taxed,10/2025-CT(R) S.No 14 | 9/2025-CT(R) Sch I S.No 3
0304,0.0/5.0,packaged-pair->taxed,10/2025-CT(R) S.No 13 | 10/2025-CT(R) S.No 14 | 9/2025-CT(R) Sch I S.No 3
0305,0.0/5.0,packaged-pair->taxed,10/2025-CT(R) S.No 14 | 9/2025-CT(R) Sch I S.No 3
0306,0.0/5.0,packaged-pair->taxed,10/2025-CT(R) S.No 13 | 10/2025-CT(R) S.No 14 | 9/2025-CT(R) Sch I S.No 3
0307,0.0/5.0,packaged-pair->taxed,10/2025-CT(R) S.No 13 | 10/2025-CT(R) S.No 14 | 9/2025-CT(R) Sch I S.No 3
0308,0.0/5.0,packaged-pair->taxed,10/2025-CT(R) S.No 13 | 10/2025-CT(R) S.No 14 | 9/2025-CT(R) Sch I S.No 3
0309,0.0/5.0,packaged-pair->taxed,10/2025-CT(R) S.No 13 | 10/2025-CT(R) S.No 14 | 9/2025-CT(R) Sch I S.No 3
0409,0.0/5.0,packaged-pair->taxed,10/2025-CT(R) S.No 19 | 9/2025-CT(R) Sch I S.No 10
0504,0.0/5.0,packaged-pair->taxed,10/2025-CT(R) S.No 21 | 10/2025-CT(R) S.No 22 | 9/2025-CT(R) Sch I S.No 13
0713,0.0/5.0,packaged-pair->taxed,10/2025-CT(R) S.No 39 | 9/2025-CT(R) Sch I S.No 20
0714,0.0/5.0,fallback,10/2025-CT(R) S.No 40 | 10/2025-CT(R) S.No 41 | 9/2025-CT(R) Sch I S.No 21
0801,0.0/5.0,fallback,10/2025-CT(R) S.No 43 | 10/2025-CT(R) S.No 44 | 9/2025-CT(R) Sch I S.No 22
0804,0.0/5.0,fallback,10/2025-CT(R) S.No 47 | 9/2025-CT(R) Sch I S.No 26
0806,0.0/5.0,fallback,10/2025-CT(R) S.No 49 | 9/2025-CT(R) Sch I S.No 28
0814,0.0/5.0,fallback,10/2025-CT(R) S.No 55 | 9/2025-CT(R) Sch I S.No 32
0909,0.0/5.0,fallback,10/2025-CT(R) S.No 59 | 9/2025-CT(R) Sch I S.No 41
1001,0.0/5.0,packaged-pair->taxed,10/2025-CT(R) S.No 62 | 9/2025-CT(R) Sch I S.No 43
1002,0.0/5.0,packaged-pair->taxed,10/2025-CT(R) S.No 63 | 9/2025-CT(R) Sch I S.No 44
1003,0.0/5.0,packaged-pair->taxed,10/2025-CT(R) S.No 64 | 9/2025-CT(R) Sch I S.No 45
1004,0.0/5.0,packaged-pair->taxed,10/2025-CT(R) S.No 65 | 9/2025-CT(R) Sch I S.No 46
1005,0.0/5.0,packaged-pair->taxed,10/2025-CT(R) S.No 66 | 9/2025-CT(R) Sch I S.No 47
1006,0.0/5.0,packaged-pair->taxed,10/2025-CT(R) S.No 67 | 9/2025-CT(R) Sch I S.No 48
1007,0.0/5.0,packaged-pair->taxed,10/2025-CT(R) S.No 68 | 9/2025-CT(R) Sch I S.No 49
1008,0.0/5.0,packaged-pair->taxed,10/2025-CT(R) S.No 69 | 9/2025-CT(R) Sch I S.No 50
1101,0.0/5.0,packaged-pair->taxed,10/2025-CT(R) S.No 70 | 9/2025-CT(R) Sch I S.No 51
1102,0.0/5.0,packaged-pair->taxed,10/2025-CT(R) S.No 71 | 9/2025-CT(R) Sch I S.No 52
1103,0.0/5.0,packaged-pair->taxed,10/2025-CT(R) S.No 72 | 9/2025-CT(R) Sch I S.No 53
1104,0.0/5.0,fallback,10/2025-CT(R) S.No 73 | 9/2025-CT(R) Sch I S.No 54
1105,0.0/5.0,packaged-pair->taxed,10/2025-CT(R) S.No 74 | 9/2025-CT(R) Sch I S.No 55
1106,0.0/5.0,fallback,10/2025-CT(R) S.No 75 | 9/2025-CT(R) Sch I S.No 56
12,0.0/5.0,fallback,10/2025-CT(R) S.No 77 | 9/2025-CT(R) Sch I S.No 60
1201,0.0/5.0,fallback,10/2025-CT(R) S.No 78 | 9/2025-CT(R) Sch I S.No 61
1202,0.0/5.0,fallback,10/2025-CT(R) S.No 79 | 9/2025-CT(R) Sch I S.No 62
1205,0.0/5.0,fallback,10/2025-CT(R) S.No 81 | 9/2025-CT(R) Sch I S.No 65
1206,0.0/5.0,fallback,10/2025-CT(R) S.No 82 | 9/2025-CT(R) Sch I S.No 66
1211,0.0/5.0,fallback,10/2025-CT(R) S.No 87 | 9/2025-CT(R) Sch I S.No 71
1212,0.0/5.0,fallback,10/2025-CT(R) S.No 88 | 9/2025-CT(R) Sch I S.No 72
1702,0.0/5.0/18.0,fallback,10/2025-CT(R) S.No 96 | 9/2025-CT(R) Sch I S.No 107 | 9/2025-CT(R) Sch I S.No 108 | 9/2025-CT(R) Sch II S.No 1
1901,0.0/5.0,packaged-pair->taxed,10/2025-CT(R) S.No 97 | 9/2025-CT(R) Sch I S.No 118
2201,0.0/5.0,fallback,10/2025-CT(R) S.No 103 | 10/2025-CT(R) S.No 104 | 9/2025-CT(R) Sch I S.No 146
2306,0.0/5.0,fallback,10/2025-CT(R) S.No 106 | 10/2025-CT(R) S.No 107 | 9/2025-CT(R) Sch I S.No 159
3002,0.0/5.0,fallback,10/2025-CT(R) S.No 114 | 9/2025-CT(R) Sch I S.No 231 | 9/2025-CT(R) Sch I S.No 232
3101,0.0/5.0,packaged-pair->taxed,10/2025-CT(R) S.No 116 | 9/2025-CT(R) Sch I S.No 237
3102,5.0/18.0,fallback,9/2025-CT(R) Sch I S.No 238 | 9/2025-CT(R) Sch II S.No 39
3103,5.0/18.0,fallback,9/2025-CT(R) Sch I S.No 239 | 9/2025-CT(R) Sch II S.No 40
3104,5.0/18.0,fallback,9/2025-CT(R) Sch I S.No 240 | 9/2025-CT(R) Sch II S.No 41
3105,5.0/18.0,fallback,9/2025-CT(R) Sch I S.No 241 | 9/2025-CT(R) Sch II S.No 42
3202,5.0/18.0,fallback,9/2025-CT(R) Sch I S.No 243 | 9/2025-CT(R) Sch II S.No 44
3401,5.0/18.0,fallback,9/2025-CT(R) Sch I S.No 251 | 9/2025-CT(R) Sch II S.No 66
3701,5.0/18.0,fallback,9/2025-CT(R) Sch I S.No 257 | 9/2025-CT(R) Sch II S.No 82
3706,5.0/18.0,fallback,9/2025-CT(R) Sch I S.No 259 | 9/2025-CT(R) Sch II S.No 86
3808,5.0/18.0,fallback,9/2025-CT(R) Sch I S.No 260 | 9/2025-CT(R) Sch II S.No 95
3825,0.0/18.0,fallback,10/2025-CT(R) S.No 118 | 9/2025-CT(R) Sch II S.No 111
4007,5.0/18.0,fallback,9/2025-CT(R) Sch I S.No 268 | 9/2025-CT(R) Sch II S.No 133
4017,5.0/18.0,fallback,9/2025-CT(R) Sch I S.No 277 | 9/2025-CT(R) Sch II S.No 143
4401,0.0/5.0,fallback,10/2025-CT(R) S.No 122 | 9/2025-CT(R) Sch I S.No 294
4408,5.0/18.0,fallback,9/2025-CT(R) Sch I S.No 298 | 9/2025-CT(R) Sch II S.No 155
4418,5.0/18.0,fallback,9/2025-CT(R) Sch I S.No 303 | 9/2025-CT(R) Sch II S.No 162
4501,5.0/18.0,fallback,9/2025-CT(R) Sch I S.No 307 | 9/2025-CT(R) Sch II S.No 165
4802,0.0/18.0,fallback,10/2025-CT(R) S.No 128 | 9/2025-CT(R) Sch II S.No 167
4901,0.0/5.0,fallback,10/2025-CT(R) S.No 132 | 9/2025-CT(R) Sch I S.No 324
5303,0.0/5.0,fallback,10/2025-CT(R) S.No 146 | 9/2025-CT(R) Sch I S.No 337
61,5.0/18.0,fallback,9/2025-CT(R) Sch I S.No 388 | 9/2025-CT(R) Sch II S.No 197
6505,5.0/18.0,fallback,9/2025-CT(R) Sch I S.No 394 | 9/2025-CT(R) Sch II S.No 211
6703,0.0/18.0,fallback,10/2025-CT(R) S.No 150 | 9/2025-CT(R) Sch II S.No 215
6909,5.0/18.0,fallback,9/2025-CT(R) Sch I S.No 402 | 9/2025-CT(R) Sch II S.No 239
7018,0.0/5.0/18.0,fallback,10/2025-CT(R) S.No 153 | 9/2025-CT(R) Sch I S.No 408 | 9/2025-CT(R) Sch II S.No 257
7104,0.25/1.5,fallback,9/2025-CT(R) Sch V S.No 3 | 9/2025-CT(R) Sch VI S.No 2
7310,5.0/18.0,fallback,9/2025-CT(R) Sch I S.No 410 | 9/2025-CT(R) Sch I S.No 411 | 9/2025-CT(R) Sch II S.No 288
7319,5.0/18.0,fallback,9/2025-CT(R) Sch I S.No 413 | 9/2025-CT(R) Sch II S.No 297
7323,5.0/18.0,fallback,9/2025-CT(R) Sch I S.No 411 | 9/2025-CT(R) Sch I S.No 416 | 9/2025-CT(R) Sch II S.No 301
7418,5.0/18.0,fallback,9/2025-CT(R) Sch I S.No 417 | 9/2025-CT(R) Sch II S.No 320
7615,5.0/18.0,fallback,9/2025-CT(R) Sch I S.No 411 | 9/2025-CT(R) Sch I S.No 419 | 9/2025-CT(R) Sch II S.No 344
8401,5.0/18.0,fallback,9/2025-CT(R) Sch I S.No 421 | 9/2025-CT(R) Sch II S.No 388
8433,5.0/18.0,fallback,9/2025-CT(R) Sch I S.No 433 | 9/2025-CT(R) Sch II S.No 421
8807,5.0/18.0,fallback,9/2025-CT(R) Sch I S.No 465 | 9/2025-CT(R) Sch II S.No 553
8903,18.0/40.0,fallback,9/2025-CT(R) Sch II S.No 554 | 9/2025-CT(R) Sch III S.No 10
9004,5.0/18.0,fallback,9/2025-CT(R) Sch I S.No 482 | 9/2025-CT(R) Sch II S.No 558
9021,0.0/5.0,fallback,10/2025-CT(R) S.No 160 | 9/2025-CT(R) Sch I S.No 486
9022,5.0/18.0,fallback,9/2025-CT(R) Sch I S.No 487 | 9/2025-CT(R) Sch II S.No 571
9027,5.0/18.0,fallback,9/2025-CT(R) Sch I S.No 489 | 9/2025-CT(R) Sch II S.No 576
9503,5.0/18.0,fallback,9/2025-CT(R) Sch I S.No 496 | 9/2025-CT(R) Sch I S.No 497 | 9/2025-CT(R) Sch II S.No 616
9506,5.0/18.0,fallback,9/2025-CT(R) Sch I S.No 499 | 9/2025-CT(R) Sch II S.No 619
9804,5.0/18.0,fallback,9/2025-CT(R) Sch I S.No 514 | 9/2025-CT(R) Sch II S.No 640
