entry,cell,entry_igst,description
10/2025-CT(R) S.No 10,03,0.0,"Fish seeds, prawn / shrimp seeds whether or not processed, cured or in frozen state [other than goods falling under Chapter 3 and"
10/2025-CT(R) S.No 100,1905 or 2106,0.0,"Khakhra; Bread (branded or otherwise), Pizza bread, roti, chapathi, paratha, parotta and other Indian breads by any name called"
10/2025-CT(R) S.No 100,1905 or 2106,0.0,"Khakhra; Bread (branded or otherwise), Pizza bread, roti, chapathi, paratha, parotta and other Indian breads by any name called"
10/2025-CT(R) S.No 102,2106,0.0,"Prasadam supplied by religious places like temples, mosques, churches, gurudwaras, dargahs, etc"
10/2025-CT(R) S.No 103,2201,0.0,"Water (other than aerated, mineral, distilled, medicinal, ionic, battery, de-mineralized and water sold in sealed unit container)"
10/2025-CT(R) S.No 104,2201,0.0,"Non-alcoholic Toddy, Neera including date and palm neera"
10/2025-CT(R) S.No 105,"2301, 2302, 2308, 2309",0.0,"Aquatic feed including shrimp feed and prawn feed, poultry feed and cattle feed, including grass, hay and straw, supplement and"
10/2025-CT(R) S.No 105,"2301, 2302, 2308, 2309",0.0,"Aquatic feed including shrimp feed and prawn feed, poultry feed and cattle feed, including grass, hay and straw, supplement and"
10/2025-CT(R) S.No 105,"2301, 2302, 2308, 2309",0.0,"Aquatic feed including shrimp feed and prawn feed, poultry feed and cattle feed, including grass, hay and straw, supplement and"
10/2025-CT(R) S.No 105,"2301, 2302, 2308, 2309",0.0,"Aquatic feed including shrimp feed and prawn feed, poultry feed and cattle feed, including grass, hay and straw, supplement and"
10/2025-CT(R) S.No 106,2306,0.0,De-oiled rice bran
10/2025-CT(R) S.No 108,"2302, 2309",0.0,"Husk of pulses including Chilka, Concentrates including chuni or churi, Khanda"
10/2025-CT(R) S.No 108,"2302, 2309",0.0,"Husk of pulses including Chilka, Concentrates including chuni or churi, Khanda"
10/2025-CT(R) S.No 110,26,0.0,Uranium Ore concentrate
10/2025-CT(R) S.No 112,2835,0.0,Dicalcium phosphate (DCP) of animal feed grade conforming to IS specification No.5470 : 2002
10/2025-CT(R) S.No 113,30 or any other Chapter,0.0,Drugs or medicines listed in Annexure I
10/2025-CT(R) S.No 117,3304,0.0,"Kajal (other than kajal pencil sticks), Kumkum, Bindi, Sindur, Alta"
10/2025-CT(R) S.No 120,4014,0.0,Condoms and contraceptives
10/2025-CT(R) S.No 121,4016,0.0,Erasers
10/2025-CT(R) S.No 124,44 or 68,0.0,"Deities made of stone, marble or wood"
10/2025-CT(R) S.No 124,44 or 68,0.0,"Deities made of stone, marble or wood"
10/2025-CT(R) S.No 125,46,0.0,"Khali Dona; Goods made of sal leaves, siali leaves, sisal leaves, sabai grass, including sabai grass rope"
10/2025-CT(R) S.No 126,46,0.0,Plates and cups made up of all kinds of leaves/flowers/bark
10/2025-CT(R) S.No 130,4820,0.0,"Exercise book, graph book, laboratory note book and notebooks"
10/2025-CT(R) S.No 131,48 or 4907 or 71,0.0,Rupee notes or coins when sold to Reserve Bank of India or the Government of India
10/2025-CT(R) S.No 131,48 or 4907 or 71,0.0,Rupee notes or coins when sold to Reserve Bank of India or the Government of India
10/2025-CT(R) S.No 131,48 or 4907 or 71,0.0,Rupee notes or coins when sold to Reserve Bank of India or the Government of India
10/2025-CT(R) S.No 132,4901,0.0,"Printed books, including Braille books"
10/2025-CT(R) S.No 137,4907,0.0,Duty Credit Scrips
10/2025-CT(R) S.No 138,5001,0.0,"Silkworm laying, cocoon"
10/2025-CT(R) S.No 144,52,0.0,"Gandhi Topi, Khadi yarn"
10/2025-CT(R) S.No 148,53,0.0,Coir pith compost other than pre-packaged and labelled
10/2025-CT(R) S.No 149,63,0.0,Indian National Flag
10/2025-CT(R) S.No 152,69,0.0,Idols made of clay
10/2025-CT(R) S.No 153,7018,0.0,Glass bangles (except those made from precious metals)
10/2025-CT(R) S.No 154,7117,0.0,Bangles of lac/shellac
10/2025-CT(R) S.No 157,8445,0.0,"Charkha for hand spinning of yarns, including amber charkha"
10/2025-CT(R) S.No 158,8446,0.0,Handloom [weaving machinery]
10/2025-CT(R) S.No 16,0403,0.0,"Curd, Lassi, Butter milk, other than pre-packaged and labelled"
10/2025-CT(R) S.No 161,92,0.0,Indigenous handmade musical instruments as listed in Annexure II
10/2025-CT(R) S.No 162,9603,0.0,"Muddhas made of sarkanda, Brooms or brushes, consisting of twigs or other vegetable materials, bound together, with or without"
10/2025-CT(R) S.No 163,"9608,9609",0.0,"Pencils (including propelling or sliding pencils), crayons, pastels, drawing charcoals, writing or drawing chalks and tailor's"
10/2025-CT(R) S.No 17,0406,0.0,"Chena or paneer, whether or not pre-packaged and labelled"
10/2025-CT(R) S.No 26,06,0.0,"Live trees and other plants; bulbs, roots and the like; cut flowers and ornamental foliage"
10/2025-CT(R) S.No 42,08,0.0,"Dried makhana, whether or not shelled or peeled, other than pre-packaged and labelled"
10/2025-CT(R) S.No 57,0901,0.0,"Coffee beans, not roasted"
10/2025-CT(R) S.No 58,0902,0.0,Unprocessed green leaves of tea
10/2025-CT(R) S.No 73,1104,0.0,Cereal grains hulled
10/2025-CT(R) S.No 77,12,0.0,All goods of seed quality
10/2025-CT(R) S.No 78,1201,0.0,"Soya beans, whether or not broken, of seed quality"
10/2025-CT(R) S.No 80,1204,0.0,"Linseed, whether or not broken, of seed quality"
10/2025-CT(R) S.No 81,1205,0.0,"Rape or colza seeds, whether or not broken, of seed quality"
10/2025-CT(R) S.No 82,1206,0.0,"Sunflower seeds, whether or not broken, of seed quality"
10/2025-CT(R) S.No 91,1301,0.0,Lac and Shellac
10/2025-CT(R) S.No 92,1401,0.0,"Sal leaves, siali leaves, sisal leaves, sabai grass"
10/2025-CT(R) S.No 96,1701 or 1702,0.0,"(i) Jaggery of all types including Cane Jaggery (gur), Palmyra Jaggery, other than pre-packaged and labeled"
10/2025-CT(R) S.No 96,1701 or 1702,0.0,"(i) Jaggery of all types including Cane Jaggery (gur), Palmyra Jaggery, other than pre-packaged and labeled"
10/2025-CT(R) S.No 98,1904,0.0,"Puffed rice, commonly known as Muri, flattened or beaten rice, commonly known as Chira, parched rice, commonly known as khoi,"
10/2025-CT(R) S.No 99,1905,0.0,"Pappad, by whatever name it is known"
9/2025-CT(R) Sch I S.No 107,1702 or 1704,5.0,"Palmyra sugar, mishri, batasha, bura, sakar, khadi sakar, harda, sakariya, gatta, kuliya, elaichidana, lukumdana, chikkis like puffed rice chikki, peanut chikki, sesame chikki, til chikki, til patti, til revdi, sugar makhana, groundnut sweets, gajak,"
9/2025-CT(R) Sch I S.No 107,1702 or 1704,5.0,"Palmyra sugar, mishri, batasha, bura, sakar, khadi sakar, harda, sakariya, gatta, kuliya, elaichidana, lukumdana, chikkis like puffed rice chikki, peanut chikki, sesame chikki, til chikki, til patti, til revdi, sugar makhana, groundnut sweets, gajak,"
9/2025-CT(R) Sch I S.No 121,1904,5.0,"Puffed rice, commonly known as Muri, flattened or beaten rice, commonly known as chira, parched rice, commonly known as khoi, parched paddy or rice coated with sugar or gur, commonly known as murki, pre-packaged and labelled"
9/2025-CT(R) Sch I S.No 142,2106,5.0,"Texturised vegetable proteins (soya bari), Bari made of pulses including mungodi and batters; Roasted Gram idli/dosa batter, chutney powder; Sweetmeats 143. 2106 90"
9/2025-CT(R) Sch I S.No 152,2207,5.0,Ethyl alcohol supplied to Oil Marketing Companies or Petroleum refineries for blending with motor spirit (petrol)
9/2025-CT(R) Sch I S.No 161,2309,5.0,Fish soluble paste
9/2025-CT(R) Sch I S.No 162,2401,5.0,Tobacco leave
9/2025-CT(R) Sch I S.No 176,"2515 [Except 2515 12 20, 2515 12 90] or 6802",5.0,"Ecaussine and other calcareous monumental or building stone (other than marble and travertine), alabaster, other than mirror polished stone which is ready to use 177. 2515 11 00"
9/2025-CT(R) Sch I S.No 19,07,5.0,"Herb, bark, dry plant, dry root, commonly known as jaribooti and dry flower"
9/2025-CT(R) Sch I S.No 202,2619,5.0,Linz-Donawitz (LD) Slag
9/2025-CT(R) Sch I S.No 203,2621,5.0,Fly Ash
9/2025-CT(R) Sch I S.No 204,27,5.0,Bio-gas
9/2025-CT(R) Sch I S.No 207,2710,5.0,"(a) Kerosene oil PDS, (b) The following bunker fuels for use in ships or vessels, namely, i. IFO 180 CST ii. IFO 380 CST"
9/2025-CT(R) Sch I S.No 210,28,5.0,"Thorium oxalate, Enriched KBF4 (enriched potassium fluroborate), Enriched elemental boron, Nuclear fuel"
9/2025-CT(R) Sch I S.No 211,28,5.0,"Anaesthetics, Potassium Iodate, Iodine, Steam 212. 2804 40 10"
9/2025-CT(R) Sch I S.No 218,2845,5.0,Heavy water and other nuclear fuels
9/2025-CT(R) Sch I S.No 221,28 or 38,5.0,"Micronutrients, which are covered under serial number 1(g) of Schedule 1, Part (A) of the Fertilizer Control Order, 1985 and are manufactured by the manufacturers which are registered under the Fertilizer Control Order, 1985 222. 29 or 3808 93"
9/2025-CT(R) Sch I S.No 221,28 or 38,5.0,"Micronutrients, which are covered under serial number 1(g) of Schedule 1, Part (A) of the Fertilizer Control Order, 1985 and are manufactured by the manufacturers which are registered under the Fertilizer Control Order, 1985 222. 29 or 3808 93"
9/2025-CT(R) Sch I S.No 222,29 or 3808 93,5.0,Gibberellic acid 223. 2906 11 10
9/2025-CT(R) Sch I S.No 224,"2906 11 10, 30, 3301",5.0,"Following goods from Natural Menthol namely:- a. Menthol and menthol crystals, b. Peppermint (Mentha Oil),"
9/2025-CT(R) Sch I S.No 224,"2906 11 10, 30, 3301",5.0,"Following goods from Natural Menthol namely:- a. Menthol and menthol crystals, b. Peppermint (Mentha Oil),"
9/2025-CT(R) Sch I S.No 225,30,5.0,"Insulin, Cyclosporin, Desferrioxamine injection or deferiprone, Oral re-hydration salts 226. 30 or any Chapter"
9/2025-CT(R) Sch I S.No 227,30,5.0,Diagnostic kits for detection of all types of hepatitis
9/2025-CT(R) Sch I S.No 228,30,5.0,Medicaments (including veterinary medicaments) used in bio-chemic systems
9/2025-CT(R) Sch I S.No 229,30,5.0,"Medicaments (including those used in Ayurvedic, Unani, Siddha, Homeopathic or Bio-chemic systems), manufactured exclusively in accordance with the formulae described in the authoritative books specified in the First Schedule to the Drugs and Cosmetic"
9/2025-CT(R) Sch I S.No 23,0802,5.0,"Dried areca nuts, whether or not shelled or peeled; Other nuts, dried, whether or not shelled or peeled, such as Almonds, Hazelnuts or filberts (Corylus spp.), Chestnuts (Castanea spp.), Pistachios, Macadamia nuts, Kola nuts (Cola spp.), Pine nuts, c"
9/2025-CT(R) Sch I S.No 232,"3002, 3006",5.0,Animal or Human Blood Vaccines
9/2025-CT(R) Sch I S.No 238,3102,5.0,"Mineral or chemical fertilisers, nitrogenous, other than those which are clearly not to be used as fertilizers"
9/2025-CT(R) Sch I S.No 239,3103,5.0,"Mineral or chemical fertilisers, phosphatic, other than those which are clearly not to be used as fertilizers"
9/2025-CT(R) Sch I S.No 24,"0802, 0813",5.0,"Chestnuts (singhada), dried whether or not shelled or peeled"
9/2025-CT(R) Sch I S.No 24,"0802, 0813",5.0,"Chestnuts (singhada), dried whether or not shelled or peeled"
9/2025-CT(R) Sch I S.No 240,3104,5.0,"Mineral or chemical fertilisers, potassic, other than those which are clearly not to be used as fertilizers"
9/2025-CT(R) Sch I S.No 242,32,5.0,"Wattle extract, quebracho extract, chestnut extract"
9/2025-CT(R) Sch I S.No 244,3304,5.0,"Talcum powder, Face powder"
9/2025-CT(R) Sch I S.No 245,3305,5.0,"Hair oil, shampoo"
9/2025-CT(R) Sch I S.No 246,3306,5.0,Toothpaste 247. 3306 10 10
9/2025-CT(R) Sch I S.No 249,3307,5.0,"Shaving cream, shaving lotion, aftershave lotion 250. 3307 41 00"
9/2025-CT(R) Sch I S.No 25,08,5.0,"Dried makhana, whether or not shelled or peeled pre-packaged and labelled"
9/2025-CT(R) Sch I S.No 252,3402,5.0,"Sulphonated castor oil, fish oil or sperm oil"
9/2025-CT(R) Sch I S.No 253,3406,5.0,"Candles, tapers and the like"
9/2025-CT(R) Sch I S.No 254,3503,5.0,"Gelatin (including gelatin in rectangular (including square) sheets, whether or not surface-worked or coloured) and gelatin derivatives; isinglass; other glues of animal origin, excluding casein glues of heading 3501"
9/2025-CT(R) Sch I S.No 255,3505,5.0,"Dextrins and other modified starches (for example, pregelatinised or esterified starches); glues based on starches, or on dextrins or other modified starches 256. 3605 00 10"
9/2025-CT(R) Sch I S.No 260,3808,5.0,"The following Bio-pesticides, namely – 1 Bacillus thuringiensis var. israelensis 2 Bacillus thuringiensis var. kurstaki"
9/2025-CT(R) Sch I S.No 262,3818,5.0,Silicon wafers
9/2025-CT(R) Sch I S.No 264,3826,5.0,Bio-diesel supplied to Oil Marketing Companies for blending with High Speed Diesel
9/2025-CT(R) Sch I S.No 265,3926,5.0,"Feeding bottles, Plastic beads"
9/2025-CT(R) Sch I S.No 268,4007,5.0,Latex Rubber Thread
9/2025-CT(R) Sch I S.No 269,4011,5.0,Rear Tractor tyres and rear tractor tyre tubes 270. 4011 30 00
9/2025-CT(R) Sch I S.No 293,"44, 68, 83",5.0,"Idols of wood, stone [including marble] and metals [other than those made of precious metals]"
9/2025-CT(R) Sch I S.No 293,"44, 68, 83",5.0,"Idols of wood, stone [including marble] and metals [other than those made of precious metals]"
9/2025-CT(R) Sch I S.No 293,"44, 68, 83",5.0,"Idols of wood, stone [including marble] and metals [other than those made of precious metals]"
9/2025-CT(R) Sch I S.No 299,4409,5.0,Bamboo flooring
9/2025-CT(R) Sch I S.No 303,4418,5.0,Bamboo wood building joinery
9/2025-CT(R) Sch I S.No 318,48,5.0,"Paper splints for matches, whether or not waxed, Asphaltic roofing sheets 319. 39, 48"
9/2025-CT(R) Sch I S.No 319,"39, 48",5.0,Paper Sacks/Bags and bio-degradable bags
9/2025-CT(R) Sch I S.No 319,"39, 48",5.0,Paper Sacks/Bags and bio-degradable bags
9/2025-CT(R) Sch I S.No 323,4823,5.0,"Paper pulp moulded trays; Kites, Paper mache articles"
9/2025-CT(R) Sch I S.No 340,5401,5.0,"Sewing thread of manmade filaments, whether or not put up for retail sale 341. 5402, 5403, 5404, 5405, 5406"
9/2025-CT(R) Sch I S.No 342,"5407, 5408",5.0,"Woven fabrics of manmade textile materials 343. 5501, 5502"
9/2025-CT(R) Sch I S.No 342,"5407, 5408",5.0,"Woven fabrics of manmade textile materials 343. 5501, 5502"
9/2025-CT(R) Sch I S.No 343,"5501, 5502",5.0,"Synthetic or artificial filament tow 344. 5503, 5504, 5506, 5507"
9/2025-CT(R) Sch I S.No 343,"5501, 5502",5.0,"Synthetic or artificial filament tow 344. 5503, 5504, 5506, 5507"
9/2025-CT(R) Sch I S.No 347,"5509, 5510, 5511",5.0,Yarn of manmade staple fibres 348. 5512 to 5516
9/2025-CT(R) Sch I S.No 347,"5509, 5510, 5511",5.0,Yarn of manmade staple fibres 348. 5512 to 5516
9/2025-CT(R) Sch I S.No 347,"5509, 5510, 5511",5.0,Yarn of manmade staple fibres 348. 5512 to 5516
9/2025-CT(R) Sch I S.No 35,0903,5.0,Maté
9/2025-CT(R) Sch I S.No 363,"5702, 5703, 5705",5.0,"Coir mats, matting, floor covering and handloom durries"
9/2025-CT(R) Sch I S.No 373,"5809, 5810",5.0,"Embroidery or zari articles, that is to say,- imi, zari, kasab, salma, dabka, chumki, gota, sitara, naqsi, kora, glass beads, badla, gizai"
9/2025-CT(R) Sch I S.No 373,"5809, 5810",5.0,"Embroidery or zari articles, that is to say,- imi, zari, kasab, salma, dabka, chumki, gota, sitara, naqsi, kora, glass beads, badla, gizai"
9/2025-CT(R) Sch I S.No 388,61,5.0,"Article of apparel and clothing accessories, knitted or crocheted, of sale value not exceeding Rs 2500 per piece"
9/2025-CT(R) Sch I S.No 390,"63 [other than 6305 32 00, 6305 33 00, 6309]",5.0,"Other made up textile articles, sets, of sale value not exceeding Rs. 2500 per piece 391. 6309 or 6310"
9/2025-CT(R) Sch I S.No 392,64,5.0,Footwear of sale value not exceeding Rs.2500 per pair
9/2025-CT(R) Sch I S.No 393,6501,5.0,Textile caps
9/2025-CT(R) Sch I S.No 400,68,5.0,Sand lime bricks or Stone inlay work
9/2025-CT(R) Sch I S.No 401,6802,5.0,"Statues, statuettes, pedestals; high or low reliefs, crosses, figures of animals, bowls, vases, cups, cachou boxes, writing sets, ashtrays, paper weights, artificial fruit and foliage, etc.; other ornamental goods essentially of stone"
9/2025-CT(R) Sch I S.No 410,7310 or 7326,5.0,"Mathematical boxes, geometry boxes and colour boxes 411. 7310, 7323, 7612, or 7615"
9/2025-CT(R) Sch I S.No 410,7310 or 7326,5.0,"Mathematical boxes, geometry boxes and colour boxes 411. 7310, 7323, 7612, or 7615"
9/2025-CT(R) Sch I S.No 411,"7310, 7323, 7612, or 7615",5.0,"Milk cans made of Iron, Steel, or Aluminium"
9/2025-CT(R) Sch I S.No 411,"7310, 7323, 7612, or 7615",5.0,"Milk cans made of Iron, Steel, or Aluminium"
9/2025-CT(R) Sch I S.No 411,"7310, 7323, 7612, or 7615",5.0,"Milk cans made of Iron, Steel, or Aluminium"
9/2025-CT(R) Sch I S.No 412,7317,5.0,Animal shoe nails
9/2025-CT(R) Sch I S.No 414,7321,5.0,"Kerosene burners, kerosene stoves and wood burning stoves of iron or steel 415. 7321 or 8516"
9/2025-CT(R) Sch I S.No 415,7321 or 8516,5.0,Solar cookers
9/2025-CT(R) Sch I S.No 415,7321 or 8516,5.0,Solar cookers
9/2025-CT(R) Sch I S.No 421,8401,5.0,"Fuel elements (cartridges), non-irradiated, for nuclear reactors 422. 8407 10 00, 8411"
9/2025-CT(R) Sch I S.No 422,"8407 10 00, 8411",5.0,Aircraft engines
9/2025-CT(R) Sch I S.No 423,8408,5.0,Fixed Speed Diesel Engines of power not exceeding 15HP 424. 8408 20 20
9/2025-CT(R) Sch I S.No 429,8420,5.0,Hand operated rubber roller
9/2025-CT(R) Sch I S.No 430,8424,5.0,Nozzles for drip irrigation equipment or nozzles for sprinklers
9/2025-CT(R) Sch I S.No 431,8424,5.0,Sprinklers; drip irrigation system including laterals; mechanical sprayers
9/2025-CT(R) Sch I S.No 436,8479,5.0,"Composting Machines 437. 84, 85 or 94"
9/2025-CT(R) Sch I S.No 437,"84, 85 or 94",5.0,Following renewable energy devices and parts for their manufacture:- (a) Bio-gas plant; (b) Solar power-based devices;
9/2025-CT(R) Sch I S.No 437,"84, 85 or 94",5.0,Following renewable energy devices and parts for their manufacture:- (a) Bio-gas plant; (b) Solar power-based devices;
9/2025-CT(R) Sch I S.No 437,"84, 85 or 94",5.0,Following renewable energy devices and parts for their manufacture:- (a) Bio-gas plant; (b) Solar power-based devices;
9/2025-CT(R) Sch I S.No 438,8504,5.0,Charger or charging station for Electrically operated vehicles 439. 8525 60
9/2025-CT(R) Sch I S.No 440,87,5.0,Fuel Cell Motor Vehicles including hydrogen vehicles based on fuel cell technology
9/2025-CT(R) Sch I S.No 441,87,5.0,"Electrically operated vehicles, including two and three wheeled electric vehicles. Explanation.- For the purposes of this entry, “Electrically operated vehicles” means vehicles which are run solely on electrical energy derived from an external source"
9/2025-CT(R) Sch I S.No 443,8708,5.0,"Following parts of tractors namely: a. Rear Tractor wheel rim, b. tractor centre housing,"
9/2025-CT(R) Sch I S.No 462,88 or Any other Chapter,5.0,"Scientific and technical instruments, apparatus, equipment, accessories, parts, components, spares, tools, mock ups and modules, raw material and consumables required for launch vehicles and satellites and payloads"
9/2025-CT(R) Sch I S.No 463,8802,5.0,"Other aircraft (for example, helicopters, aeroplanes), other than for personal use"
9/2025-CT(R) Sch I S.No 473,90,5.0,Coronary stents and coronary stent systems for use with cardiac catheters 474. 90 or any other Chapter
9/2025-CT(R) Sch I S.No 474,90 or any other Chapter,5.0,Artificial kidney 475. 90 or any other Chapter
9/2025-CT(R) Sch I S.No 475,90 or any other Chapter,5.0,Blood glucose monitoring system (Glucometer) and test strips 476. 90 or any other Chapter
9/2025-CT(R) Sch I S.No 476,90 or any other Chapter,5.0,Patent Ductus Arteriosus / Atrial Septal Defect occlusion device 477. 90 or any other Chapter
9/2025-CT(R) Sch I S.No 477,90 or any other Chapter,5.0,"Parts of the following goods, namely: -(i) Crutches; (ii) Wheel chairs; (iii)Walking frames; (iv)Tricycles; (v)Braillers; and (vi) Artificial limbs 478. 90 or any other Chapter"
9/2025-CT(R) Sch I S.No 478,90 or any other Chapter,5.0,"Assistive devices, rehabilitation aids and other goods for disabled, specified in List 1 appended to this Schedule 479. 90 or 84"
9/2025-CT(R) Sch I S.No 479,90 or 84,5.0,Disposable sterilized dialyzer or micro barrier of artificial kidney
9/2025-CT(R) Sch I S.No 479,90 or 84,5.0,Disposable sterilized dialyzer or micro barrier of artificial kidney
9/2025-CT(R) Sch I S.No 480,9001,5.0,Contact lenses; Spectacle lenses
9/2025-CT(R) Sch I S.No 488,9025,5.0,"Thermometers for medical, surgical, dental or veterinary usage"
9/2025-CT(R) Sch I S.No 491,9404,5.0,Coir products (except coir mattresses)
9/2025-CT(R) Sch I S.No 492,9404,5.0,Products wholly made of quilted textile materials not exceeding Rs 2500 per piece
9/2025-CT(R) Sch I S.No 493,9404,5.0,Cotton quilts of sale value not exceeding Rs. 2500 per piece 494. 9401 10 00
9/2025-CT(R) Sch I S.No 495,9405,5.0,"Hurricane lanterns, Kerosene lamp / pressure lantern, petromax, glass chimney, and parts thereof"
9/2025-CT(R) Sch I S.No 496,9503,5.0,Toy balloons made of natural rubber latex
9/2025-CT(R) Sch I S.No 497,9503,5.0,"Toys like tricycles, scooters, pedal cars etc. (including parts and accessories thereof) [other than electronic toys]"
9/2025-CT(R) Sch I S.No 498,9504,5.0,"Playing cards, chess board, carom board and other board games, like ludo, etc. (other than Video game consoles and Machines)"
9/2025-CT(R) Sch I S.No 503,9603 [other than 9603 10 00],5.0,"Broomsticks (other than brooms consisting of twigs or other vegetable materials bound together, with or without handles) 504. 9603 21 00"
9/2025-CT(R) Sch I S.No 514,9804,5.0,"All drugs or medicines including their salts and esters and diagnostic test kits and formulations intended for personal use [other than those specified at nil at S No. 113 of Notification No. 10/2025-Central Tax (Rate) dated 17th September, 2025] 515"
9/2025-CT(R) Sch I S.No 60,12,5.0,All goods other than of seed quality
9/2025-CT(R) Sch I S.No 69,1209,5.0,Tamarind seeds meant for any use other than sowing 70. 1210 20 00
9/2025-CT(R) Sch I S.No 77,1404 or 3305,5.0,Mehendi paste in cones
9/2025-CT(R) Sch I S.No 77,1404 or 3305,5.0,Mehendi paste in cones
9/2025-CT(R) Sch I S.No 8,0406,5.0,"Cheese, other than chena or paneer"
9/2025-CT(R) Sch II S.No 164,44 or any Chapter,18.0,"Resin bonded bamboo mat board, with or without veneer in between; Bamboo flooring tiles"
9/2025-CT(R) Sch II S.No 197,61,18.0,"Articles of apparel and clothing accessories, knitted or crocheted, of sale value exceeding Rs. 2500 per piece"
9/2025-CT(R) Sch II S.No 198,62,18.0,"Articles of apparel and clothing accessories, not knitted or crocheted, of sale value exceeding Rs. 2500 per piece 199. 63 [other than 6309]"
9/2025-CT(R) Sch II S.No 199,63 [other than 6309],18.0,"Other made-up textile articles, sets of sale value exceeding Rs. 2500 per piece [other than worn clothing and other worn articles; rags] 200. 3923 or 6305"
9/2025-CT(R) Sch II S.No 200,3923 or 6305,18.0,"Woven and non-woven bags and sacks of polyethylene or polypropylene strips or the like, whether or not laminated, of a kind used for packing of goods 201. 6305 32 00"
9/2025-CT(R) Sch II S.No 320,7418,18.0,"All goods (other than table, kitchen or other household articles of copper; Utensils)"
9/2025-CT(R) Sch II S.No 344,7615,18.0,"All goods (other than table, kitchen or other household articles, of aluminium; Utensils, Milk cans made of Aluminium)"
9/2025-CT(R) Sch II S.No 359,8007,18.0,Other articles of tin 360. 8101 to 8112
9/2025-CT(R) Sch II S.No 38,"29061190, 30, 3301",18.0,"Following goods made from other than natural menthol, namely:- a. Menthol and menthol crystals, b. Peppermint (Mentha Oil)"
9/2025-CT(R) Sch II S.No 38,"29061190, 30, 3301",18.0,"Following goods made from other than natural menthol, namely:- a. Menthol and menthol crystals, b. Peppermint (Mentha Oil)"
9/2025-CT(R) Sch II S.No 386,84,18.0,Parts suitable for use solely or principally with fixed Speed Diesel Engines of power not exceeding 15HP 387. 84 or 85
9/2025-CT(R) Sch II S.No 387,84 or 85,18.0,"Parts suitable for use solely or principally with power driven pumps primarily designed for handling water, namely, centrifugal pumps (horizontal and vertical), deep tube-well turbine pumps, submersible pumps, axial flow and mixed flow vertical pumps"
9/2025-CT(R) Sch II S.No 387,84 or 85,18.0,"Parts suitable for use solely or principally with power driven pumps primarily designed for handling water, namely, centrifugal pumps (horizontal and vertical), deep tube-well turbine pumps, submersible pumps, axial flow and mixed flow vertical pumps"
9/2025-CT(R) Sch II S.No 39,3102,18.0,"Mineral or chemical fertilisers, nitrogenous, which are clearly not to be used as fertilizers"
9/2025-CT(R) Sch II S.No 40,3103,18.0,"Mineral or chemical fertilisers, phosphatic, which are clearly not to be used as fertilizers"
9/2025-CT(R) Sch II S.No 41,3104,18.0,"Mineral or chemical fertilisers, potassic, which are clearly not to be used as fertilizers"
9/2025-CT(R) Sch II S.No 473,84 or 85,18.0,"E-waste Explanation.- For the purpose of this entry, E-waste means electrical and electronic equipment listed in Schedule I of the E-Waste (Management) Rules, 2016 (published in the Gazette of India vide G.S.R. 338 (E) dated the 23rd March, 2016), wh"
9/2025-CT(R) Sch II S.No 473,84 or 85,18.0,"E-waste Explanation.- For the purpose of this entry, E-waste means electrical and electronic equipment listed in Schedule I of the E-Waste (Management) Rules, 2016 (published in the Gazette of India vide G.S.R. 338 (E) dated the 23rd March, 2016), wh"
9/2025-CT(R) Sch II S.No 533,8702 or 8703,18.0,"Motor vehicles cleared as ambulances duly fitted with all the fitments, furniture and accessories necessary for an ambulance from the factory manufacturing such motor vehicles 534. 8703 21 or 8703 22"
9/2025-CT(R) Sch II S.No 533,8702 or 8703,18.0,"Motor vehicles cleared as ambulances duly fitted with all the fitments, furniture and accessories necessary for an ambulance from the factory manufacturing such motor vehicles 534. 8703 21 or 8703 22"
9/2025-CT(R) Sch II S.No 536,8703,18.0,"Following motor vehicles of length not exceeding 4000 mm, namely: – (a) Petrol, Liquefied petroleum gases (LPG) or compressed natural gas (CNG) driven vehicles of engine capacity not exceeding 1200cc; and (b) Diesel driven vehicles of engine capacity"
9/2025-CT(R) Sch II S.No 537,8703,18.0,"Three wheeled vehicles 538. 8703 40, 8703 60"
9/2025-CT(R) Sch II S.No 59,3302,18.0,"Mixtures of odoriferous substances and mixtures (including alcoholic solutions) with a basis of one or more of these substances, of a kind used as raw materials in industry; other preparations based on odoriferous substances, of a kind used for the m"
9/2025-CT(R) Sch II S.No 60,3303,18.0,Perfumes and toilet waters
9/2025-CT(R) Sch II S.No 61,3304,18.0,"Beauty or make-up preparations and preparations for the care of the skin (other than medicaments) including sunscreen or sun tan preparations; manicure or pedicure preparations [other than kajal, kumkum, bindi, sindur, alta, talcum powder and face po"
9/2025-CT(R) Sch II S.No 616,9503,18.0,"Electronic Toys like tricycles, scooters, pedal cars etc. (including parts and accessories thereof)"
9/2025-CT(R) Sch II S.No 62,3305,18.0,"Preparations for use on the hair [other than mehendi paste in cones, hair oil, shampoo]"
9/2025-CT(R) Sch II S.No 63,3306,18.0,"Preparations for oral or dental hygiene, including denture fixative pastes and powders in individual retail packages [other than tooth powder, tooth paste and yarn used to clean between the teeth (dental floss)]"
9/2025-CT(R) Sch II S.No 67,3402,18.0,"Organic surface-active agents (other than soap); surface-active preparations, washing preparations (including auxiliary washing preparations) and cleaning preparations, whether or not containing soap, other than those of heading 3401 [other than Sulp"
9/2025-CT(R) Sch II S.No 68,3403,18.0,"Lubricating preparations (including cutting-oil preparations, bolt or nut release preparations, anti-rust or anti-corrosion preparations and mould release preparations, based on lubricants) and preparations of a kind used for the oil or grease treatm"
9/2025-CT(R) Sch II S.No 69,3404,18.0,Artificial waxes and prepared waxes
9/2025-CT(R) Sch II S.No 70,3405,18.0,"Polishes and creams, for footwear, furniture, floors, coachwork, glass or metal, scouring pastes and powders and similar preparations (whether or not in the form of paper, wadding, felt, nonwovens, cellular plastics or cellular rubber, impregnated, c"
9/2025-CT(R) Sch II S.No 71,3407,18.0,"Modelling pastes, including those put up for children’s amusement; Preparations known as “dental wax” or as “dental impression compounds”, put up in sets, in packings for retail sale or in plates, horseshoe shapes, sticks or similar forms; other prep"
9/2025-CT(R) Sch II S.No 72,3501,18.0,"Casein, caseinates and other casein derivatives; casein glues"
9/2025-CT(R) Sch II S.No 73,3502,18.0,"Albumins (including concentrates of two or more whey proteins, containing by weight more than 80% whey proteins, calculated on the dry matter), albuminates and other albumin derivatives"
9/2025-CT(R) Sch II S.No 74,3504,18.0,"Peptones and their derivatives; other protein substances and their derivatives, not elsewhere specified or included; hide powder, whether or not chromed; including Isolated soya protein"
9/2025-CT(R) Sch II S.No 75,3506,18.0,"Prepared glues and other prepared adhesives, not elsewhere specified or included; products suitable for use as glues or adhesives, put up for retail sale as glues or adhesives, not exceeding a net weight of 1 kg"
9/2025-CT(R) Sch III S.No 9,8802,40.0,Aircrafts for personal use
9/2025-CT(R) Sch IV S.No 14,7117,3.0,Imitation jewellery [other than bangles of lac/shellac]
9/2025-CT(R) Sch VI S.No 2,7104,1.5,Goods other than those specified against S. No. 3 in Schedule V
